"NAME_DT","n","co2Total"
"Winterlinde
n = 67",67,42134.4377678315
"Hainbuche
n = 37",37,10326.9669569427
"Hartriegel
n = 22",22,1557.65219874047
"Platane
n = 21",21,25928.7448779234
"Spitzahorn
n = 19",19,7641.37739863518
"Bergahorn
n = 13",13,4060.42375940873
"Hängebirke
n = 10",10,5686.83192359874
"Blumen-Esche
n = 9",9,763.000046003955
"Japanische
Blütenkirsche
n = 9",9,607.807627518554
"Schwarzkiefer
n = 9",9,4786.87228345737
"Sonstige
n = 107",107,29606.965003955
